name,id,description,type,subtype,
fallingplates.com,1,,udp,,
mesdefisjenparle.com,2,,udp,,
mirstudentov.com,3,,udp,,
lmkenya.org,4,,udp,,
cn.indigitous.org,5,,udp,,
poiskboga.kz,6,,udp,,
give.cru.org,7,,udp,,
churchonline.faith,8,,udp,,
tanriylayurumek.com,9,,udp,,
studentstan.com,10,,udp,,
jesusfilm.org,11,,udp,,
suaescolha.com,12,,udp,,
studentskikutak.com,13,,udp,,
newliferussia.ru,14,,udp,,
familylifetoday.com,15,,udp,,
habeshastudent.com,16,,udp,,
1patasxan.com,17,,udp,,
thelifeproject.com,18,,udp,,
ognistudente.com,19,,udp,,
kazdystudent.pl,20,,udp,,
godtools,21,,udp,,
thekey.me,22,,udp,,
p2c.com,23,,udp,,
cru.org,24,,udp,,
shop.familylife.com,25,,udp,,
maarifatallah.com,26,,udp,,
everystudent.ro,27,,udp,,
everyarabstudent.com,28,,udp,,
signon.cru.org,29,,udp,,
get.missionhub.com,30,,udp,,
startingwithgod.com,31,,udp,,
studentishqiptar.com,32,,udp,,
everystudent.info,33,,udp,,
mahasiswakeren.com,34,,udp,,
indigitous.org,35,,udp,,
everytelugustudent.com,36,,udp,,
gainusa.org,37,,udp,,
cadaestudiante.com,38,,udp,,
thelife.com,39,,udp,,
kampusweb.com,40,,udp,,
4laws.com,41,,udp,,
everystudent.in,42,,udp,,
boilingwaters.ph,43,,udp,,
athletesinaction.org,44,,udp,,
everystudent.sk,45,,udp,,
chenggongle.com,46,,udp,,
conhecendodeus.com,47,,udp,,
staffweb.cru.org,48,,udp,,
everystudent.bg,49,,udp,,
mystruggles.in,50,,udp,,
familylife.com,51,,udp,,
everyperson.com,52,,udp,,
studnet.ro,53,,udp,,
tailal.mn,54,,udp,,
soularium,55,,udp,,
kovelistudenti.com,56,,udp,,
everypersianstudent.com,57,,udp,,
jfapp,58,,udp,,
pyetjetejetes.com,59,,udp,,
khudakaysathagaaz.com,60,,udp,,
gcmnigeria.org,61,,udp,,
my.nextstep.is,62,,udp,,
signon.relaysso.org,63,,udp,,
storyrunners.org,64,,udp,,
pouvoirdechanger.com,65,,udp,,
tandem.org.nz,66,,udp,,
duentscheidest.com,67,,udp,,
donate.familylife.com,68,,udp,,
josh.org,69,,udp,,
xinshengming.com,70,,udp,,
everystudent.com,71,,udp,,
leaderimpact.com,72,,udp,,
everystudent.hu,73,,udp,,
apply.cru.org,74,,udp,,
get.mpdx.org,75,,udp,,
zindagikaysawalat.com,76,,udp,,
yoenfrento.com,77,,udp,,
kirkdurston.com,78,,udp,,
issuesiface.com,79,,udp,,
agapeeurope.org,80,,udp,,
ieskaudievo.lt,81,,udp,,
missionhub,82,,udp,,
jetaere.com,83,,udp,,
goaia.org,84,,udp,,
sites.cru.org,85,,udp,,
perspectivecards,86,,udp,,
leaderhub.leaderimpact.com,87,,udp,,
kurzy.hladamboha.sk,88,,udp,,
smapp.cru.org,89,,udp,,
studentskiodgovori.com,90,,udp,,
studentinjapan.com,91,,udp,,
zaciatkysbohom.sk,92,,udp,,
everybarataa.com,93,,udp,,
ijr.al,94,,udp,,
isponline.org,95,,udp,,
malgretout.fr,96,,udp,,
empezandocondios.com,97,,udp,,
studentup.ro,98,,udp,,
shine.ijr.al,99,,udp,,
powertochange.org.au,100,,udp,,
ert,101,,udp,,
mpdx,102,,udp,,
hayatinanlami.net,103,,udp,,
sportetfoi.org,104,,udp,,
thefour.com,105,,udp,,
everykoreanstudent.com,106,,udp,,
startmitgott.de,107,,udp,,
my.vokeapp.com,108,,udp,,
startzbogiem.pl,109,,udp,,
kiekvienamstudentui.lt,110,,udp,,
studiubiblic.ro,111,,udp,,
vrlovazno.com,112,,udp,,
her.bible,113,,udp,,
everycampus.com,114,,udp,,
tjedanbraka.org,115,,udp,,
agapemedia.fr,116,,udp,,
familylifeglobal.com,117,,udp,,
leaderimpact.ca,118,,udp,,
elsolepesek.hu,119,,udp,,
crustore.org,120,,udp,,
assist.athletesinaction.org,121,,udp,,
familylifeblended.com,122,,udp,,
leaderimpact.org,123,,udp,,
everythaistudent.com,124,,udp,,
agape.org.uk,125,,udp,,
vsakstudent.com,126,,udp,,
globalstaffweb.cru.org,127,,udp,,
misiones.vidaestudiantil.com,128,,udp,,
agapefrance.org,129,,udp,,
cru.md,130,,udp,,
ldhr.org,131,,udp,,
gcmghana.org,132,,udp,,
questions2vie.com,133,,udp,,
lyon.agapecampus.fr,134,,udp,,
atoi2voir.com,135,,udp,,
cruromania.ro,136,,udp,,
globalstaffwomen.com,137,,udp,,
godtoolsapp.com,138,,udp,,
everystudent.gr,139,,udp,,
aveczelles.fr,140,,udp,,
dons.agapefrance.org,141,,udp,,
murasala.net,142,,udp,,
everystudent.com.tw,143,,udp,,
mirsbogom.com,144,,udp,,
share.powertochange.com,145,,udp,,
svitstudentiv.com,146,,udp,,
jesus.fr,147,,udp,,
cpctchad.org,148,,udp,,
everystudent.cz,149,,udp,,
translatoruser-int.com,150,,udp,,
everyvietstudent.com,151,,udp,,
freshman.com.tw,152,,udp,,
newarabstudent.com,153,,udp,,
talmazaonline.com,154,,udp,,
agapecampus.fr,155,,udp,,
isharesystem.org,156,,udp,,
demarreravecdieu.com,157,,udp,,
atoi2voirdieu.com,158,,udp,,
agapeart.org,159,,udp,,
toietmoi.org,160,,udp,,
maseeheyat.com,161,,udp,,
p2clavie.com,162,,udp,,
ilovegrow.com,163,,udp,,
strong2gether.ru,164,,udp,,
familylife.org.nz,165,,udp,,
suauniversidade.com,166,,udp,,
br.indigitous.org,167,,udp,,
fr.indigitous.org,168,,udp,,
cercledaffairespourchrist.com,169,,udp,,
estouenfrentando.com,170,,udp,,
etudiantleader.com,171,,udp,,
movementlife.org,172,,udp,,
vokeapp.com,173,,udp,,
thesearch.com.tw,174,,udp,,
agape.ie,175,,udp,,
crescendofrance.org,176,,udp,,
es.indigitous.org,177,,udp,,
agapeparis.org,178,,udp,,
prvikoraki.com,179,,udp,,
meknark.com,180,,udp,,
es.vokeapp.com,181,,udp,,
cadaestudiantelider.com,182,,udp,,
destino.org,183,,udp,,
fek.hu,184,,udp,,
thefour.sg,185,,udp,,
zh-hant.indigitous.org,186,,udp,,
de.indigitous.org,187,,udp,,
espanol.josh.org,188,,udp,,
pontjezus.hu,189,,udp,,
makingyourlifecountradio.org,190,,udp,,
hy.discipleshiponline.net,191,,udp,,
aiarus.ru,192,,udp,,
tr.discipleshiponline.net,193,,udp,,
p2cdigital.com,194,,udp,,
josh.newliferussia.ru,195,,udp,,
familylife.ru,196,,udp,,
shakirtter.com,197,,udp,,
givebr.cru.org,198,,udp,,
discipleshiponline.net,199,,udp,,
rennes.agapecampus.fr,200,,udp,,
everystudentleader.com,201,,udp,,
ceritakuceritamu.com,202,,udp,,
studentimpact.jp,203,,udp,,
jedermover.com,204,,udp,,
agapesansfrontieres.org,205,,udp,,
fallingplates.info,206,,udp,,
merasangharsh.in,207,,udp,,
epicwalkingonwater.com,208,,udp,,
addishiwot.net,209,,udp,,
mail.powertochange.org.au,210,,udp,,
showjesus.com,211,,udp,,
mt28.pl,212,,udp,,
multiplikasi.com,213,,udp,,
livingandtelling.com,214,,udp,,
familylife.ro,215,,udp,,
apt.foundation,216,,udp,,
portal.powertochange.org.au,217,,udp,,
ywamkc.isharesystem.org,218,,udp,,
app.watchthinkchat.com,219,,udp,,
ungalthervuenna.com,220,,udp,,
epicmovement.com,221,,udp,,
globalaid.net.au,222,,udp,,
watchthinkchat.com,223,,udp,,
projects.studentlife.org.nz,224,,udp,,
give.tandem.org.nz,225,,udp,,
tudengielu.net,226,,udp,,
iecinaddis.watchthinkchat.com,227,,udp,,
beizeng.xinshengming.com,228,,udp,,
masalho.com,229,,udp,,
cudumnezeu.ro,230,,udp,,
josh.masterworks.digital,231,,udp,,
memulaibersamaallah.com,232,,udp,,
campuscrusade.in,233,,udp,,
nachalosbog.bg,234,,udp,,
gcmethiopia.org,235,,udp,,
familylife.nz,236,,udp,,
lmmalawi.org,237,,udp,,
everymyanmarstudent.com,238,,udp,,
th.indigitous.org,239,,udp,,
alege-viata.ro,240,,udp,,
familylife.com.,241,,udp,,
epicgreater.com,242,,udp,,
projects.powertochange.org.au,243,,udp,,
csaapp.cru.org,244,,udp,,
everystudent.md,245,,udp,,
kitobhona.com,246,,udp,,
ce-un.org,247,,udp,,
curs.cudumnezeu.ro,248,,udp,,
foundationforinternetliberties.org,249,,udp,,
timoteus.hu,250,,udp,,
disc.studnet.ro,251,,udp,,
cineesti.studnet.ro,252,,udp,,
upgradesuceava.ro,253,,udp,,
kudai.kz,254,,udp,,
keyvolunteers.com,255,,udp,,
gemenaye.com,256,,udp,,
eknayajeevan.com,257,,udp,,
give.cru.org.,258,,udp,,
appassets.androidplatform.net,259,,udp,,
paris.agapecampus.fr,260,,udp,,
volt.newliferussia.ru,261,,udp,,
kozepsulis.fek.hu,262,,udp,,
egyetemi.fek.hu,263,,udp,,
toulouse.agapecampus.fr,264,,udp,,
sportetfoifrance.org,265,,udp,,
gcmliberia.org,266,,udp,,
loxatml.tk,267,,udp,,
spvfileepi28a.intra.just.fgov.be,268,,udp,,
montpellier.agapecampus.fr,269,,udp,,
overlay.textunited.com,270,,udp,,
valormovement.com,271,,udp,,
s7.addthis.com,272,,udp,,
br.vokeapp.com,273,,udp,,
zoom.com.br,274,,udp,,
touch-here.site,275,,udp,,
dividy.sg-host.com,276,,udp,,
proculture.ro,277,,udp,,
up.traiestevertical.ro,278,,udp,,
ny3dhr6f.icu,279,,udp,,
ny1dgr2h.icu,280,,udp,,
e.questions2vie.com,281,,udp,,
smallseotools.com,282,,udp,,
thewaids.com,283,,udp,,
www2.cru.org.sg,284,,udp,,
globalfamilylife.net,285,,udp,,
leaderimpact2.ballistiq.com,286,,udp,,
leaderimpact.ballistiq.com,287,,udp,,
knowinggod.co.za,288,,udp,,
missionhub-app,289,,udp,,
ar.indigitous.org,290,,udp,,
benrivera.org,291,,udp,,
duplichecker.com,292,,udp,,
familylifeblended.com.,293,,udp,,
prayerforprodigals.com,294,,udp,,
mpdjobs.com,295,,udp,,
familylifeglobal.org,296,,udp,,
cerminjiwa.com,297,,udp,,
josh.org.,298,,udp,,
japanccc.org,299,,udp,,
goby-carillon-jk6f.squarespace.com,300,,udp,,
epicwcwhole.com,301,,udp,,
preview-1.everycampus-com.aghosted.com,302,,udp,,
globalfamilylife.org,303,,udp,,
wjd64qb.cn,304,,udp,,
providenceroundtable.org,305,,udp,,
kazdystudent.com,306,,udp,,
optionstogether.org,307,,udp,,
everycampus-com.aghosted.com,308,,udp,,
muoshirat.com,309,,udp,,
thainewtojesus.com,310,,udp,,
indigitous.org.,311,,udp,,
heyrival.org,312,,udp,,
callherblessed.org,313,,udp,,
tailfish3.com,314,,udp,,
kudaimenbirge.com,315,,udp,,
black.everystudent.com,316,,udp,,
countries.everystudent.com,317,,udp,,
isobuster.com177.everystudent.com,318,,udp,,
download.everystudent.com,319,,udp,,
mww.everystudent.com,320,,udp,,
sketchup.com,321,,udp,,
programs.everystudent.com,322,,udp,,
translate.baiducontent.com,323,,udp,,
ns40.everystudent.com,324,,udp,,
ww3.everystudent.com,325,,udp,,
articles.everystudent.com,326,,udp,,
ww2.everystudent.com,327,,udp,,
w.everystudent.com,328,,udp,,
bersetzeneverystudent.com,329,,udp,,
noweverystudent.com,330,,udp,,
donations.tandem.org.nz,331,,udp,,
wsww.everystudent.com,332,,udp,,
students.everystudent.com,333,,udp,,
site.everystudent.com,334,,udp,,
cncc.bingj.com,335,,udp,,
wwv.everystudent.com,336,,udp,,
readmodel.m.sogou.com,337,,udp,,
projectapplication.agape.org.uk,338,,udp,,
comments.everystudent.com,339,,udp,,
religions.everystudent.com,340,,udp,,
deverystudent.com,341,,udp,,
ftp.everystudent.com,342,,udp,,
n2.everystudent.com,343,,udp,,
familylifemexico.com,344,,udp,,
site-goldns.de,345,,udp,,
cadaestudiante.com.,346,,udp,,
vcadaestudiante.com,347,,udp,,
gcm.isharesystem.org,348,,udp,,
comixtreme.datascai.com,349,,udp,,
kviz.everystudent.sk,350,,udp,,
poste6,351,,udp,,
fifawc2018.watchthinkchat.com,352,,udp,,
everyarabstudent.cnm,353,,udp,,
old.talmazaonline.com,354,,udp,,
familylife.co.nz,355,,udp,,
callherblessed.me,356,,udp,,
haselrkig.gq,357,,udp,,
tti.isharesystem.org,358,,udp,,
familylifeblended.org,359,,udp,,
sites.familylife.com,360,,udp,,
cpctogo.org,361,,udp,,
cruwp.agapefrance.fr,362,,udp,,
learningcentre.agapeeurope.org,363,,udp,,
idealinternacional.eu,364,,udp,,
faraternitus.gq,365,,udp,,
sites.namearea.org,366,,udp,,
formation.agapefrance.org,367,,udp,,
martinlutherking.fr,368,,udp,,
mdiscipleship.net,369,,udp,,
iturf.fr,370,,udp,,
wp.agapefrance.fr,371,,udp,,
ru.indigitous.org,372,,udp,,
newbeginningwithgod.org,373,,udp,,
rackspaces.pw,374,,udp,,
sites.agape.org.uk,375,,udp,,
pouvoirdechanger.com.,376,,udp,,
femmes-creoles-daujourdhui.fr,377,,udp,,
everystudent.com.,378,,udp,,
jesusfilm.org.,379,,udp,,
hupontjezus-kuna.savviihq.com,380,,udp,,
gcx.org,381,,udp,,
hi.indigitous.org,382,,udp,,
give.ccci.org,383,,udp,,
arc.gt,384,,udp,,
mobilephoneemulator.com,385,,udp,,
whoisjesus.watchthinkchat.com,386,,udp,,
woe.isharesystem.org,387,,udp,,
osi.isharesystem.org,388,,udp,,
buka.site,389,,udp,,
service.unbloock.com,390,,udp,,
cemilanjiwa.watchthinkchat.com,391,,udp,,
belilagi.live,392,,udp,,
leaderimpact.crewworkshop.com,393,,udp,,
jessica-fuller-31-years-c0ntact-me.qvv.saggybrown.com,394,,udp,,
staff.mongoliaccc.org,395,,udp,,
aleilu.com,396,,udp,,
patriarhiei.host,397,,udp,,
thefour.mn,398,,udp,,
allie-hale-31-yo-c0ntact-me.ikf.mt315.com,399,,udp,,
vipflash.de,400,,udp,,
cy1dlr1s.icu,401,,udp,,
ru.discipleshiponline.net,402,,udp,,
mongoliaccc.org,403,,udp,,
papago.naver.net,404,,udp,,
hghltd.yandex.net,405,,udp,,
ofwprayer.org,406,,udp,,
news.everystudent.com,407,,udp,,
eeverystudent.com,408,,udp,,
browse.everystudent.com,409,,udp,,
gen12ii.everystudent.com,410,,udp,,
souls.everystudent.com,411,,udp,,
3everystudent.com,412,,udp,,
vww.everystudent.com,413,,udp,,
qww.everystudent.com,414,,udp,,
recommended.everystudent.com,415,,udp,,
qqq.everystudent.com,416,,udp,,
wvww.everystudent.com,417,,udp,,
god.everystudent.com,418,,udp,,
veverystudent.com,419,,udp,,
offices.everystudent.com,420,,udp,,
ns22.everystudent.com,421,,udp,,
aww.everystudent.com,422,,udp,,
3ww.everystudent.com,423,,udp,,
wwsw.everystudent.com,424,,udp,,
sww.everystudent.com,425,,udp,,
eww.everystudent.com,426,,udp,,
wdww.everystudent.com,427,,udp,,
questions.everystudent.com,428,,udp,,
my.everystudent.com,429,,udp,,
wdw.everystudent.com,430,,udp,,
pop.everystudent.com,431,,udp,,
weww.everystudent.com,432,,udp,,
vvv.everystudent.com,433,,udp,,
divwhare.com.everystudent.com,434,,udp,,
wwqw.everystudent.com,435,,udp,,
saves-everystudent.com,436,,udp,,
ww.w.everystudent.com,437,,udp,,
origin.everystudent.com,438,,udp,,
wwe.everystudent.com,439,,udp,,
wwdw.everystudent.com,440,,udp,,
toeverystudent.com,441,,udp,,
ns1.everystudent.com,442,,udp,,
ww2w.everystudent.com,443,,udp,,
ns2.everystudent.com,444,,udp,,
admin.everystudent.com,445,,udp,,
answered.everystudent.com,446,,udp,,
decision.everystudent.com,447,,udp,,
httpeverystudent.com,448,,udp,,
shop.everystudent.com,449,,udp,,
www2.everystudent.com,450,,udp,,
waw.everystudent.com,451,,udp,,
web.mail.everystudent.com,452,,udp,,
fellowshipeverystudent.com,453,,udp,,
wwwe.everystudent.com,454,,udp,,
salesforce.everystudent.com,455,,udp,,
refigions.everystudent.com,456,,udp,,
wws.everystudent.com,457,,udp,,
ww3w.everystudent.com,458,,udp,,
godeverystudent.com,459,,udp,,
wqww.everystudent.com,460,,udp,,
file.everystudent.com,461,,udp,,
lawyer.everystudent.com,462,,udp,,
eee.everystudent.com,463,,udp,,
isobuster.com173.everystudent.com,464,,udp,,
choiceeverystudent.com,465,,udp,,
questionseverystudent.com,466,,udp,,
wmw.everystudent.com,467,,udp,,
aaa.everystudent.com,468,,udp,,
mail.everystudent.com,469,,udp,,
issueseverystudent.com,470,,udp,,
2feverystudent.com,471,,udp,,
store.everystudent.com,472,,udp,,
aeverystudent.com,473,,udp,,
w2w.everystudent.com,474,,udp,,
mobile.everystudent.com,475,,udp,,
wwm.everystudent.com,476,,udp,,
existseverystudent.com,477,,udp,,
wsw.everystudent.com,478,,udp,,
w3w.everystudent.com,479,,udp,,
sss.everystudent.com,480,,udp,,
bymarilynadamsonateverystudent.com,481,,udp,,
333.everystudent.com,482,,udp,,
siq.everystudent.com,483,,udp,,
images.everystudent.com,484,,udp,,
w3ww.everystudent.com,485,,udp,,
everystudent.comeverystudent.com,486,,udp,,
ww.everystudent.com,487,,udp,,
ccc.everystudent.com,488,,udp,,
https.everystudent.com,489,,udp,,
smtp.everystudent.com,490,,udp,,
css2011.everystudent.com,491,,udp,,
manupatra.com100.everystudent.com,492,,udp,,
christ.everystudent.com,493,,udp,,
decide.everystudent.com,494,,udp,,
n1s.everystudent.com,495,,udp,,
ddd.everystudent.com,496,,udp,,
n2s.everystudent.com,497,,udp,,
s2.everystudent.com,498,,udp,,
panel.everystudent.com,499,,udp,,
etc.everystudent.com,500,,udp,,
ommodities.everystudent.com,501,,udp,,
wwq.everystudent.com,502,,udp,,
dww.everystudent.com,503,,udp,,
ns.everystudent.com,504,,udp,,
m.everystudent.com,505,,udp,,
2everystudent.com,506,,udp,,
222.everystudent.com,507,,udp,,
wvw.everystudent.com,508,,udp,,
2ww.everystudent.com,509,,udp,,
0adeverystudent.com,510,,udp,,
waww.everystudent.com,511,,udp,,
play.everystudent.com,512,,udp,,
wwaw.everystudent.com,513,,udp,,
w2ww.everystudent.com,514,,udp,,
http.everystudent.com,515,,udp,,
ns50.everystudent.com,516,,udp,,
adeverystudent.com,517,,udp,,
opinion.everystudent.com,518,,udp,,
commodities.everystudent.com,519,,udp,,
htp.everystudent.com,520,,udp,,
subdomain.everystudent.com,521,,udp,,
wew.everystudent.com,522,,udp,,
friendshipsbc.watchthinkchat.com,523,,udp,,
wwa.everystudent.com,524,,udp,,
e610.comeverystudent.com,525,,udp,,
n1.everystudent.com,526,,udp,,
drinking.everystudent.com,527,,udp,,
app.everystudent.com,528,,udp,,
vehicle.everystudent.com,529,,udp,,
wwew.everystudent.com,530,,udp,,
0everystudent.com,531,,udp,,
sn2.everystudent.com,532,,udp,,
sin.everystudent.com,533,,udp,,
severystudent.com,534,,udp,,
easter.everystudent.com,535,,udp,,
wwd.everystudent.com,536,,udp,,
turbohide.com,537,,udp,,
assist2.athletesinaction.org,538,,udp,,
laurel10.com,539,,udp,,
jurnal.md,540,,udp,,
studentup.comknow.com,541,,udp,,
getliner.com,542,,udp,,
zacokn-darnahjuy.savviihq.com,543,,udp,,
zacokn-yakchonni.savviihq.com,544,,udp,,
zacokn-gradicska.savviihq.com,545,,udp,,
commaarifa-cikai.savviihq.com,546,,udp,,
gcm.org.pg,547,,udp,,
tribute.familylife.nz,548,,udp,,
en.indigitous.org,549,,udp,,
crei.isharesystem.org,550,,udp,,
indigitous.watchthinkchat.com,551,,udp,,
us5.unblockyoutube.video,552,,udp,,
unbloc.link,553,,udp,,
wjosh.org,554,,udp,,
unblockedit.com,555,,udp,,
4laws.com.,556,,udp,,
shenyangtech.net,557,,udp,,
meteo.org.pl,558,,udp,,
mail.alege-viata.ro,559,,udp,,
newliferussia.cornersafe.net,560,,udp,,
admin.mirsbogom.com,561,,udp,,
inprogress.cornersafe.net,562,,udp,,
vrachanadom.mirstudentov.com,563,,udp,,
z5h64q92x9.net,564,,udp,,
huifikator.ru,565,,udp,,
familylife.inprogress.net,566,,udp,,
mirstudentov.com.,567,,udp,,
seemessage.site,568,,udp,,
evaf.isharesystem.org,569,,udp,,
freesegonline.badasslove.online,570,,udp,,
m.freshman.com.tw,571,,udp,,
zuudnii.tailal.mn,572,,udp,,
kampusweb.com.,573,,udp,,
dtunnel.net,574,,udp,,
m.hashaberler.xyz,575,,udp,,
eursevideos.badasslove.online,576,,udp,,
m.medyafaresi.com,577,,udp,,
kamubulteni.com,578,,udp,,
722gu2.zgnkwfb.com,579,,udp,,
allwebcontrol.com,580,,udp,,
jesus,581,,udp,,
jesus.sitecreation.pro,582,,udp,,
surfing.hyperbyte.net,583,,udp,,
web-source.unicheck.com,584,,udp,,
cookiepedia.co.uk,585,,udp,,
sites-ebk.basnodes.com,586,,udp,,
sites-fniss.basnodes.com,587,,udp,,
github.com,588,,udp,,
recp.rm02.net,589,,udp,,
oronorsne.gq,590,,udp,,
everystudent.bg.,591,,udp,,
awarioweb.com,592,,udp,,
chinaoutreach.watchthinkchat.com,593,,udp,,
translate.weblio.jp,594,,udp,,
old.josh.org,595,,udp,,
amroisr.tk,596,,udp,,
51151003-113959137490697374.preview.editmysite.com,597,,udp,,
resolvfa.cf,598,,udp,,
tltq.loan.p2c.com,599,,udp,,
percye.186381.com,600,,udp,,
app.geofli.com,601,,udp,,
kennedy-craig-31-year-c0ntact-me.fwf.raisedvoices.net,602,,udp,,
palmwood.watchthinkchat.com,603,,udp,,
wikidnews.gq,604,,udp,,
liliana-hayes-30-age-c0ntact-me.vrv.mybebox.com,605,,udp,,
coastalcommunity.watchthinkchat.com,606,,udp,,
ionmnvis.ml,607,,udp,,
fa.discipleshiponline.net,608,,udp,,
cdhuteiras.ga,609,,udp,,
her.bible.,610,,udp,,
liliana-hayes-30-year-c0ntact-me.rmn.mystical-knights.com,611,,udp,,
riisnerea.ml,612,,udp,,
espjosh.tailfish3.com,613,,udp,,
rendering,614,,udp,,
roniamria.tk,615,,udp,,
nltr.chinesewomentoday.com,616,,udp,,
gateway.zscalerone.net,617,,udp,,
mail.nachalosbog.bg,618,,udp,,
grace-anderson.watchthinkchat.com,619,,udp,,
mail.prvikoraki.com,620,,udp,,
igl.isharesystem.org,621,,udp,,
ywamkona.isharesystem.org,622,,udp,,
grace-southwood.watchthinkchat.com,623,,udp,,
nam03.safelinks.protection.outlook.com,624,,udp,,
api.watchthinkchat.com,625,,udp,,
ww.josh.org,626,,udp,,
siebel,627,,udp,,
fltoday.com,628,,udp,,
app.everycampus.com,629,,udp,,
goaia.org.,630,,udp,,
poddtamman.tk,631,,udp,,
my2.siteimprove.com,632,,udp,,
usm12.siteground.biz,633,,udp,,
vioavimi.cf,634,,udp,,
feeds.feedburner.com,635,,udp,,
lorene.186381.com,636,,udp,,
tracking.cirrusinsight.com,637,,udp,,
c4n.isharesystem.org,638,,udp,,
vmh9940.hosting24.com.au,639,,udp,,
mnm.isharesystem.org,640,,udp,,
mylastday.watchthinkchat.com,641,,udp,,
riainoiv.ga,642,,udp,,
leaderhub.leaderimpact.org,643,,udp,,
spawn-lax.clearspring.local,644,,udp,,
lists.tccc.org.tw,645,,udp,,
optimizelyedit.com,646,,udp,,
gospelink.isharesystem.org,647,,udp,,
donate.familylife.com.,648,,udp,,
applygp.intervarsity.org,649,,udp,,
adobecampaign,650,,udp,,
summer_missions,651,,udp,,
es.calcuworld.com,652,,udp,,
diariolasamericas.com,653,,udp,,
cru.demdex.net,654,,udp,,
2018.p2c.com,655,,udp,,
aishengming.org,656,,udp,,
app.dynomapper.com,657,,udp,,
bbc.everystudent.com,658,,udp,,
chutedassiettes.watchthinkchat.com,659,,udp,,
colloque-esclavage.fr,660,,udp,,
crumpdtraining.org,661,,udp,,
cupola.lobbyists.info,662,,udp,,
everybengalistudent.com,663,,udp,,
expositions-esclavage.fr,664,,udp,,
ffnepal.isharesystem.org,665,,udp,,
fourprinciples.watchthinkchat.com,666,,udp,,
givetalents.org,667,,udp,,
is17-bednov.bpt.loc,668,,udp,,
jfp.isharesystem.org,669,,udp,,
leaderimpact.ca.local,670,,udp,,
lerevedemartinlutherking.fr,671,,udp,,
m.youtube.com,672,,udp,,
mail.mirstudentov.com,673,,udp,,
newliferussia.ru.,674,,udp,,
otakada.org,675,,udp,,
portesouvertes.agapefrance.org,676,,udp,,
reachingthenationsamongus.org,677,,udp,,
sandart.watchthinkchat.com,678,,udp,,
scriptureearth.org,679,,udp,,
staffweb.cru.org.,680,,udp,,
theprophets.watchthinkchat.com,681,,udp,,
thestory.watchthinkchat.com,682,,udp,,
tmm.io.,683,,udp,,
tribute.familylife.co.nz,684,,udp,,
tribute.familylife.org.nz,685,,udp,,
truc35.agapefrance.fr,686,,udp,,
v2414.isharesystem.org,687,,udp,,
yandexwebcache.net,688,,udp,,
Ecosystem,689,,udp,,
thereishope.world,690,,udp,,
huawei.my-prize.com,691,,udp,,
mail.tanriylayurumek.com,692,,udp,,
0s.o53xo.mzqw22lmpfwgsztffzrw63i.cmle.ru,693,,udp,,
book.hr,694,,udp,,
xsm.asia,695,,udp,,
jesuslife.fr,696,,udp,,
truefoundations.com,697,,udp,,
churchmovements.com,698,,udp,,
agape.pl,699,,udp,,
campuscrusade.com,700,,udp,,
campuscrusade.org,701,,udp,,
crustaffstore.org,702,,udp,,
cru.submit4jobs.com,703,,udp,,
prelive.crustore.org,704,,udp,,
staff.campuscrusade.org,705,,udp,,
fhg.isharesystem.org,706,,udp,,
amarshongram.com,707,,udp,,
urdutimesdaily.com,708,,udp,,
whate.everystudent.com,709,,udp,,
st.everystudent.com,710,,udp,,
old.gainusa.org,711,,udp,,
beizeng.xsm.asia,712,,udp,,
service.asinoo.com,713,,udp,,
mail.globalaid.net.au,714,,udp,,
radios-chilenas.com,715,,udp,,
movementlife.org.,716,,udp,,
m.everystudent.in,717,,udp,,
catalogosmx.moda,718,,udp,,
familylifeglobal.net,719,,udp,,
silaslin.tccc.org.tw,720,,udp,,
p2cplus.com,721,,udp,,
remind.com,722,,udp,,
adviewer.adcint.net,723,,udp,,
kamitohajimari.com,724,,udp,,
new.globalaid.net.au,725,,udp,,
faith-hope-love.in,726,,udp,,
mail.everystudent.ro,727,,udp,,
faith-hope-love.info,728,,udp,,
hladamboha.sk,729,,udp,,
kamitohajimeyo.com,730,,udp,,
wp-content.josh.org,731,,udp,,
toronto2019.p2cplus.com,732,,udp,,
hisstory.watchthinkchat.com,733,,udp,,
story.watchthinkchat.com,734,,udp,,
kirkdurston.com.,735,,udp,,
next.powertochange.org.au,736,,udp,,
mooshkilati.com,737,,,,
afreg.org,738,,,,
pr-624.d11caubtn1mk5o.amplifyapp.com,739,,,,
pr-625.d11caubtn1mk5o.amplifyapp.com,740,,,,
pr-626.d11caubtn1mk5o.amplifyapp.com,741,,,,
pr-630.d11caubtn1mk5o.amplifyapp.com,742,,,,
hope2020.cccsea.org,743,,,,
katramstudentam.lv,744,,,,
genmapper.isharesystem.org,745,,,,
archive.agapemedia.fr,746,,,,
e3p.isharesystem.org,747,,,,
zume.isharesystem.org,748,,,,
biglife.isharesystem.org,749,,,,
cru.ph,750,,,,
eastwest.isharesystem.org,751,,,,
teamexpansion.isharesystem.org,752,,,,
pr-635.d11caubtn1mk5o.amplifyapp.com,753,,,,
pr-636.d11caubtn1mk5o.amplifyapp.com,754,,,,
pr-637.d11caubtn1mk5o.amplifyapp.com,755,,,,
pr-638.d11caubtn1mk5o.amplifyapp.com,756,,,,
project2182157.tilda.ws,757,,,,
yakto.tilda.ws,758,,,,
give.agape.org.uk,759,,,,
join.leaderimpact.com,760,,,,
powertochange.powertochange.org.au,761,,,,
demarreravecDieu.com,762,,,,
leaderimpact.com.,763,,,,
jiekangkeji168.cn,764,,,,
whoisping.com,765,,,,
sites-malin.basnodes.com,766,,,,
globalfamilylife.com,767,,,,
leaderimpact.flywheelsites.com,768,,,,
hljyuqilin.cn,769,,,,
thedailydata.pro,770,,,,
ba2am.com,771,,,,
msn.com,772,,,,
flawsshop01.familylife.com,773,,,,
unouit.com,774,,,,
victorybeyondcompetition.org,775,,,,
mp3.familylife.com,776,,,,
gloo_familylife,777,,,,
polymer.gloo.us,778,,,,
youtube.com,779,,,,
vimeo.com,780,,,,
gloo_mycru,781,,,,
torontoai2017.p2cplus.com,782,,,,
ccontacts.app,783,,,,
onsight.us-east-1.elasticbeanstalk.com,784,,,,
tesla.com,785,,,,
campus-contacts,786,,,,
tjjianrui.cn,787,,,,
xiaohuayuan123.cn,788,,,,
pr-656.d23um2gb8xlk6n.amplifyapp.com,789,,,,
pr-659.d23um2gb8xlk6n.amplifyapp.com,790,,,,
sites.athletesinaction.org,791,,,,
npn.isharesystem.org,792,,,,
pr-660.d23um2gb8xlk6n.amplifyapp.com,793,,,,
pr-661.d23um2gb8xlk6n.amplifyapp.com,794,,,,
msubridges.com,795,,,,
html2pdf.com,796,,,,
ecp.yusercontent.com,797,,,,
mail.demarreravecdieu.com,798,,,,
createremarkable.com,799,,,,
0s.o53xo.nvuxe43uovsgk3tun53c4y3pnu.dresk.ru,800,,,,
mamproblem.sk,801,,,,
chinesewomentoday.com,802,,,,
atoi2voir.fr,803,,,,
vmk50593.webhosting24.com.au,804,,,,
vmk51125.webhosting24.com.au,805,,,,
ht,806,,,,
b05f378c-1f12-4619-8058-1f12abe91579.htmlcomponentservice.com,807,,,,
amazinggracecenterforcounseling.com,808,,,,
pr-676.d23um2gb8xlk6n.amplifyapp.com,809,,,,
pr-677.d23um2gb8xlk6n.amplifyapp.com,810,,,,
cruresources.com,811,,,,
meutimsuaescolha.com,812,,,,
worldgc.cn,813,,,,
yulonglin001.cn,814,,,,
caxto.com,815,,,,
rexr6.crabdance.com,816,,,,
topraginsesigazetesi.com,817,,,,
c82910.sgvps.net,818,,,,
ads.indosatooredoo.com,819,,,,
rdgw.cft.siemens.com,820,,,,
